"original_relative_path","size_bytes","sha256","status","match_count","current_relative_paths"
"02_Bottom Frame_v1.0,0724_A_repaired_candidate.step","4768001","4C361C364197E13B0BF31DC96B27F9FA7B075BF9FE2AE1E2BA6B09552ADEA005","MATCH","1","02_CAE\90_Needs_Review\Bottom_Frame\2026-07-24_0724A_repair-trial\01_Input\02_Bottom Frame_v1.0,0724_A_repaired_candidate.step"
".worktrees\codex-fatigue-recovery-report\reports\bottom-frame-fatigue-recovery\02_Bottom_Frame_23C_3year_fatigue_recovery_report.html","421194","9FB44D8321823B1ED93F30176A7A734D51093EF26E89A5CB5062D5EFC6CD2D80","MATCH","2","01_Tools\_migration_backup\legacy-worktrees\codex-fatigue-recovery-report\reports\bottom-frame-fatigue-recovery\02_Bottom_Frame_23C_3year_fatigue_recovery_report.html | 02_CAE\01_Active\Bottom_Frame\2026-07-29_0729C_fatigue-recovery\04_Report\02_Bottom_Frame_23C_3year_fatigue_recovery_report.html"
".worktrees\codex-fatigue-recovery-report\reports\bottom-frame-fatigue-recovery\analysis_summary.json","1844","94BF18342EC68C11426F664F6AFE151CE64E98BDCA2836B535A234DB45A48E55","MATCH","2","01_Tools\_migration_backup\legacy-worktrees\codex-fatigue-recovery-report\reports\bottom-frame-fatigue-recovery\analysis_summary.json | 02_CAE\01_Active\Bottom_Frame\2026-07-29_0729C_fatigue-recovery\05_Verification\analysis_summary.json"
".worktrees\febio-cad-tet10-repair\report_render\profile_narrow3\extensions_crx_cache\metadata.json","13","2771D13C637C267132AFFF9DB67537BEF95708534B79AE8D954254C4E64E4E0F","MATCH","6","01_Tools\_migration_backup\legacy-worktrees\febio-cad-tet10-repair\report_render\profile_narrow3\extensions_crx_cache\metadata.json | 01_Tools\_migration_backup\legacy-worktrees\febio-cad-tet10-repair\report_render\profile_narrow4\extensions_crx_cache\metadata.json | 01_Tools\_migration_backup\legacy-worktrees\febio-cad-tet10-repair\report_render\profile_print_final\extensions_crx_cache\metadata.json | 01_Tools\_worktrees\febio-cad-tet10-repair\report_render\profile_narrow3\extensions_crx_cache\metadata.json | 01_Tools\_worktrees\febio-cad-tet10-repair\report_render\profile_narrow4\extensions_crx_cache\metadata.json | 01_Tools\_worktrees\febio-cad-tet10-repair\report_render\profile_print_final\extensions_crx_cache\metadata.json"
".worktrees\febio-cad-tet10-repair\report_render\profile_narrow4\extensions_crx_cache\metadata.json","13","2771D13C637C267132AFFF9DB67537BEF95708534B79AE8D954254C4E64E4E0F","MATCH","6","01_Tools\_migration_backup\legacy-worktrees\febio-cad-tet10-repair\report_render\profile_narrow3\extensions_crx_cache\metadata.json | 01_Tools\_migration_backup\legacy-worktrees\febio-cad-tet10-repair\report_render\profile_narrow4\extensions_crx_cache\metadata.json | 01_Tools\_migration_backup\legacy-worktrees\febio-cad-tet10-repair\report_render\profile_print_final\extensions_crx_cache\metadata.json | 01_Tools\_worktrees\febio-cad-tet10-repair\report_render\profile_narrow3\extensions_crx_cache\metadata.json | 01_Tools\_worktrees\febio-cad-tet10-repair\report_render\profile_narrow4\extensions_crx_cache\metadata.json | 01_Tools\_worktrees\febio-cad-tet10-repair\report_render\profile_print_final\extensions_crx_cache\metadata.json"
".worktrees\febio-cad-tet10-repair\report_render\profile_print_final\extensions_crx_cache\metadata.json","13","2771D13C637C267132AFFF9DB67537BEF95708534B79AE8D954254C4E64E4E0F","MATCH","6","01_Tools\_migration_backup\legacy-worktrees\febio-cad-tet10-repair\report_render\profile_narrow3\extensions_crx_cache\metadata.json | 01_Tools\_migration_backup\legacy-worktrees\febio-cad-tet10-repair\report_render\profile_narrow4\extensions_crx_cache\metadata.json | 01_Tools\_migration_backup\legacy-worktrees\febio-cad-tet10-repair\report_render\profile_print_final\extensions_crx_cache\metadata.json | 01_Tools\_worktrees\febio-cad-tet10-repair\report_render\profile_narrow3\extensions_crx_cache\metadata.json | 01_Tools\_worktrees\febio-cad-tet10-repair\report_render\profile_narrow4\extensions_crx_cache\metadata.json | 01_Tools\_worktrees\febio-cad-tet10-repair\report_render\profile_print_final\extensions_crx_cache\metadata.json"
".worktrees\fusion-step-repair-monitor\fusion_step_repair_monitor\.venv\Lib\site-packages\fusion_step_repair_monitor-0.1.0.dist-info\direct_url.json","155","3A4594E4743AD5819120CC49F3E6713E937AB692113589ACDF8CFD8E326C2038","MATCH","1","01_Tools\_migration_backup\legacy-worktrees\fusion-step-repair-monitor\fusion_step_repair_monitor\.venv\Lib\site-packages\fusion_step_repair_monitor-0.1.0.dist-info\direct_url.json"
".worktrees\fusion-step-repair-monitor\fusion_step_repair_monitor\.venv\Lib\site-packages\matplotlib\backends\web_backend\all_figures.html","1753","E3863E1AF2096CD96A41A2925B793054AA53C41486D56B1D633DD99981E552C0","MATCH","1","01_Tools\_migration_backup\legacy-worktrees\fusion-step-repair-monitor\fusion_step_repair_monitor\.venv\Lib\site-packages\matplotlib\backends\web_backend\all_figures.html"
".worktrees\fusion-step-repair-monitor\fusion_step_repair_monitor\.venv\Lib\site-packages\matplotlib\backends\web_backend\ipython_inline_figure.html","1311","C204B1521DF1A4F0313A766048C9EB8433398589DC39F5911A068251ECEF79D6","MATCH","1","01_Tools\_migration_backup\legacy-worktrees\fusion-step-repair-monitor\fusion_step_repair_monitor\.venv\Lib\site-packages\matplotlib\backends\web_backend\ipython_inline_figure.html"
".worktrees\fusion-step-repair-monitor\fusion_step_repair_monitor\.venv\Lib\site-packages\matplotlib\backends\web_backend\single_figure.html","1357","C0407017AD3624B1C4AC15045E24BA8D7AA6C58008CC7A5ADCC305AE77AFEABB","MATCH","1","01_Tools\_migration_backup\legacy-worktrees\fusion-step-repair-monitor\fusion_step_repair_monitor\.venv\Lib\site-packages\matplotlib\backends\web_backend\single_figure.html"
".worktrees\fusion-step-repair-monitor\fusion_step_repair_monitor\.venv\Lib\site-packages\pillow-12.3.0.dist-info\sboms\pillow-12.3.0.cdx.json","22279","40FA909B0F23405A7B97A6D91671A639A40ACEA7671B04387DA22BA3E9FCA50A","MATCH","1","01_Tools\_migration_backup\legacy-worktrees\fusion-step-repair-monitor\fusion_step_repair_monitor\.venv\Lib\site-packages\pillow-12.3.0.dist-info\sboms\pillow-12.3.0.cdx.json"
".worktrees\fusion-step-repair-monitor\fusion_step_repair_monitor\.venv\Lib\site-packages\setuptools\config\distutils.schema.json","972","4DCA77DA44678703911B0FFDA7A1848B4F258F6875E6D411CCE6016F31A67015","MATCH","1","01_Tools\_migration_backup\legacy-worktrees\fusion-step-repair-monitor\fusion_step_repair_monitor\.venv\Lib\site-packages\setuptools\config\distutils.schema.json"
".worktrees\fusion-step-repair-monitor\fusion_step_repair_monitor\.venv\Lib\site-packages\setuptools\config\setuptools.schema.json","16047","069EAD4F046F4B2F7AFDD09DE4EA8A4E27EE21C4D639DE700C6442AF0601CE34","MATCH","1","01_Tools\_migration_backup\legacy-worktrees\fusion-step-repair-monitor\fusion_step_repair_monitor\.venv\Lib\site-packages\setuptools\config\setuptools.schema.json"
".worktrees\fusion-step-repair-monitor\fusion_step_repair_monitor\.venv\Lib\site-packages\setuptools\tests\indexes\test_links_priority\external.html","92","78BF5EB8EB84F7724A65DAA55F104E9476CAC08B8DB8876AEC6051A6C68F31C5","MATCH","1","01_Tools\_migration_backup\legacy-worktrees\fusion-step-repair-monitor\fusion_step_repair_monitor\.venv\Lib\site-packages\setuptools\tests\indexes\test_links_priority\external.html"
".worktrees\fusion-step-repair-monitor\fusion_step_repair_monitor\.venv\Lib\site-packages\setuptools\tests\indexes\test_links_priority\simple\foobar\index.html","174","0C3F932ABED4538CC08C71F3E157B1603352033476EE57AF4A1D5CFA4DD974B1","MATCH","1","01_Tools\_migration_backup\legacy-worktrees\fusion-step-repair-monitor\fusion_step_repair_monitor\.venv\Lib\site-packages\setuptools\tests\indexes\test_links_priority\simple\foobar\index.html"
".worktrees\fusion-step-repair-monitor\fusion_step_repair_monitor\addin\FusionStepRepairMonitor\palette\index.html","3738","F7EE71644B494763641CDA3A18199E30563341155E8743594A9842730C2C93D8","MATCH","2","01_Tools\_migration_backup\legacy-worktrees\fusion-step-repair-monitor\fusion_step_repair_monitor\addin\FusionStepRepairMonitor\palette\index.html | 01_Tools\_migration_backup\legacy-worktrees\fusion-step-repair-monitor\fusion_step_repair_monitor\dist\FusionStepRepairMonitor\palette\index.html"
".worktrees\fusion-step-repair-monitor\fusion_step_repair_monitor\build\step_compare\xref-step_compare.html","295264","EF8F45D4B80C811B08F085C721342D586CF52DE768213B6E9BF579DAC18D62D2","MATCH","1","01_Tools\_migration_backup\legacy-worktrees\fusion-step-repair-monitor\fusion_step_repair_monitor\build\step_compare\xref-step_compare.html"
".worktrees\fusion-step-repair-monitor\fusion_step_repair_monitor\dist\bottom-frame-regression.json","2799","F244DA6776122ADE786B2A6F53EE0498260C908E7CE78062BFE59BA0C757162E","MATCH","1","01_Tools\_migration_backup\legacy-worktrees\fusion-step-repair-monitor\fusion_step_repair_monitor\dist\bottom-frame-regression.json"
".worktrees\fusion-step-repair-monitor\fusion_step_repair_monitor\dist\bottom-frame.request.json","672","338068F6D09BB95782EDFCF40DC3F33C4CBA8D3716CFE0D38C6D079F3DC6654F","MATCH","1","01_Tools\_migration_backup\legacy-worktrees\fusion-step-repair-monitor\fusion_step_repair_monitor\dist\bottom-frame.request.json"
".worktrees\fusion-step-repair-monitor\fusion_step_repair_monitor\dist\installed-verification.json","1626","37B872012AEF57058B1CE8EF716A25B52863715E1D202D0AE1E0F37E2C34B5EC","MATCH","1","01_Tools\_migration_backup\legacy-worktrees\fusion-step-repair-monitor\fusion_step_repair_monitor\dist\installed-verification.json"
".worktrees\fusion-step-repair-monitor\fusion_step_repair_monitor\dist\verification.json","1666","B095A41A00DD6407339F19FC44E39476B0EB92445D817278339076966649DD75","MATCH","1","01_Tools\_migration_backup\legacy-worktrees\fusion-step-repair-monitor\fusion_step_repair_monitor\dist\verification.json"
".worktrees\fusion-step-repair-monitor\fusion_step_repair_monitor\dist\FusionStepRepairMonitor\palette\index.html","3738","F7EE71644B494763641CDA3A18199E30563341155E8743594A9842730C2C93D8","MATCH","2","01_Tools\_migration_backup\legacy-worktrees\fusion-step-repair-monitor\fusion_step_repair_monitor\addin\FusionStepRepairMonitor\palette\index.html | 01_Tools\_migration_backup\legacy-worktrees\fusion-step-repair-monitor\fusion_step_repair_monitor\dist\FusionStepRepairMonitor\palette\index.html"
".worktrees\fusion-step-repair-monitor\fusion_step_repair_monitor\tests\regression\expected_bottom_frame.json","1537","3E91ED9C665BC8536AB00D35FD2B47076109F09B060095D77CD31BD9156CEE00","MATCH","2","01_Tools\_migration_backup\legacy-worktrees\fusion-step-repair-monitor\fusion_step_repair_monitor\tests\regression\expected_bottom_frame.json | 01_Tools\_worktrees\fusion-step-repair-monitor\fusion_step_repair_monitor\tests\regression\expected_bottom_frame.json"
".worktrees\local040-rigid-screw-cylinder\febio_gmsh_launcher\config\examples\02_Bottom_Frame_FEBio_Tet10.gmsh-run.json","618","0275A40AAA762C6D188F9E014338F0CB83BF1E925A3D92668052DB7E6D35C297","MATCH","5","01_Tools\febio-tools\apps\febio_gmsh_launcher\config\examples\02_Bottom_Frame_FEBio_Tet10.gmsh-run.json | 01_Tools\_migration_backup\legacy-root-working-tree\.worktrees\local040-rigid-screw-cylinder\febio_gmsh_launcher\config\examples\02_Bottom_Frame_FEBio_Tet10.gmsh-run.json | 01_Tools\_migration_backup\legacy-root-working-tree\febio_gmsh_launcher\config\examples\02_Bottom_Frame_FEBio_Tet10.gmsh-run.json | 01_Tools\_migration_backup\legacy-worktrees\local040-rigid-screw-cylinder\febio_gmsh_launcher\config\examples\02_Bottom_Frame_FEBio_Tet10.gmsh-run.json | 01_Tools\_worktrees\local040-rigid-screw-cylinder\febio_gmsh_launcher\config\examples\02_Bottom_Frame_FEBio_Tet10.gmsh-run.json"
".worktrees\local040-rigid-screw-cylinder\febio_gmsh_launcher\tests\fixtures\reference_tet4.feb","867","D79B2BE56ADDBFE6EAD469D4D1D873F626BC83FD177C218979C174AD308DEFBE","MATCH","5","01_Tools\febio-tools\apps\febio_gmsh_launcher\tests\fixtures\reference_tet4.feb | 01_Tools\_migration_backup\legacy-root-working-tree\.worktrees\local040-rigid-screw-cylinder\febio_gmsh_launcher\tests\fixtures\reference_tet4.feb | 01_Tools\_migration_backup\legacy-root-working-tree\febio_gmsh_launcher\tests\fixtures\reference_tet4.feb | 01_Tools\_migration_backup\legacy-worktrees\local040-rigid-screw-cylinder\febio_gmsh_launcher\tests\fixtures\reference_tet4.feb | 01_Tools\_worktrees\local040-rigid-screw-cylinder\febio_gmsh_launcher\tests\fixtures\reference_tet4.feb"
".worktrees\local040-rigid-screw-cylinder\febio_gmsh_launcher\tests\fixtures\unsupported_node_selection.feb","315","FB8256119C4108039367099A48950653DA34770A7895D95775FF3531F83B55EB","MATCH","5","01_Tools\febio-tools\apps\febio_gmsh_launcher\tests\fixtures\unsupported_node_selection.feb | 01_Tools\_migration_backup\legacy-root-working-tree\.worktrees\local040-rigid-screw-cylinder\febio_gmsh_launcher\tests\fixtures\unsupported_node_selection.feb | 01_Tools\_migration_backup\legacy-root-working-tree\febio_gmsh_launcher\tests\fixtures\unsupported_node_selection.feb | 01_Tools\_migration_backup\legacy-worktrees\local040-rigid-screw-cylinder\febio_gmsh_launcher\tests\fixtures\unsupported_node_selection.feb | 01_Tools\_worktrees\local040-rigid-screw-cylinder\febio_gmsh_launcher\tests\fixtures\unsupported_node_selection.feb"
"02_Bottom_Frame_FEBio_CAD\02_Bottom Frame_v1.0,0728_C_FEBio_repaired.step","4312194","3AE20113F5F3A3CA779062DB361E239CB65FC6FE87264B546A61940518C2083D","MATCH","2","02_CAE\01_Active\Bottom_Frame\2026-07-28_0728C_tet10-preparation\01_Input\02_Bottom Frame_v1.0,0728_C_FEBio_repaired.step | 02_CAE\01_Active\Bottom_Frame\2026-07-28_0728C_tet10-preparation\90_Temporary\legacy_02_Bottom_Frame_FEBio_CAD\candidate_0p02_allow50.step"
"02_Bottom_Frame_FEBio_CAD\02_Bottom Frame_v1.0,0728_C_FEBio_repaired_0p001.step","4354465","A8503FCE48831A8E8285A88A35A6EF13FF46098F5D1A8C1982D1E8DDC20242BD","MATCH","1","02_CAE\01_Active\Bottom_Frame\2026-07-28_0728C_tet10-preparation\90_Temporary\legacy_02_Bottom_Frame_FEBio_CAD\02_Bottom Frame_v1.0,0728_C_FEBio_repaired_0p001.step"
"02_Bottom_Frame_FEBio_CAD\ap242is_0p001_Tet10.source_solid_ap242is.step","4489964","E07929A827FB268A241594FD8259A40FF134AE98D94A123CDB45EE36B8A91A90","MATCH","1","02_CAE\01_Active\Bottom_Frame\2026-07-28_0728C_tet10-preparation\90_Temporary\legacy_02_Bottom_Frame_FEBio_CAD\ap242is_0p001_Tet10.source_solid_ap242is.step"
"02_Bottom_Frame_FEBio_CAD\candidate_0p001_shape_fix.step","4365396","57FBB4BA5E7FA8E1CE6E921789A484C6B9EC5773FD1608C1175318DFE541D43C","MATCH","1","02_CAE\01_Active\Bottom_Frame\2026-07-28_0728C_tet10-preparation\90_Temporary\legacy_02_Bottom_Frame_FEBio_CAD\candidate_0p001_shape_fix.step"
"02_Bottom_Frame_FEBio_CAD\candidate_0p002.step","4354446","D830DA94B93618FB34C9E922A941EBBBCCA67B47AE3B00D53824D404E70C8090","MATCH","1","02_CAE\01_Active\Bottom_Frame\2026-07-28_0728C_tet10-preparation\90_Temporary\legacy_02_Bottom_Frame_FEBio_CAD\candidate_0p002.step"
"02_Bottom_Frame_FEBio_CAD\candidate_0p002_report.json","1872","84A9622D752B997852541ECFFF0E0801D4AFEBF105B6556DC3398DAF7132A023","MATCH","1","02_CAE\01_Active\Bottom_Frame\2026-07-28_0728C_tet10-preparation\90_Temporary\legacy_02_Bottom_Frame_FEBio_CAD\candidate_0p002_report.json"
"02_Bottom_Frame_FEBio_CAD\candidate_0p005_allow20.step","4339113","2E92A2A567560A9D7FD753D7D6A802E5F35BFCE478396CE9FDF179208CAD8D93","MATCH","1","02_CAE\01_Active\Bottom_Frame\2026-07-28_0728C_tet10-preparation\90_Temporary\legacy_02_Bottom_Frame_FEBio_CAD\candidate_0p005_allow20.step"
"02_Bottom_Frame_FEBio_CAD\candidate_0p005_allow20_report.json","1922","C15AC0F15003B50B8F13A575D852BC7345EF3954A385B3E97B29BEC62C7EB77B","MATCH","1","02_CAE\01_Active\Bottom_Frame\2026-07-28_0728C_tet10-preparation\90_Temporary\legacy_02_Bottom_Frame_FEBio_CAD\candidate_0p005_allow20_report.json"
"02_Bottom_Frame_FEBio_CAD\candidate_0p01_allow20.step","4324585","35C2ACA511D695B83E0FA4467A11B82F817346E10A5F5D93B8A03EF04BAE5229","MATCH","1","02_CAE\01_Active\Bottom_Frame\2026-07-28_0728C_tet10-preparation\90_Temporary\legacy_02_Bottom_Frame_FEBio_CAD\candidate_0p01_allow20.step"
"02_Bottom_Frame_FEBio_CAD\candidate_0p01_allow20_report.json","1920","D4059661FD2F09B582EC0D441FD871F4247748F36CC1F65E8146D0377538B6AD","MATCH","1","02_CAE\01_Active\Bottom_Frame\2026-07-28_0728C_tet10-preparation\90_Temporary\legacy_02_Bottom_Frame_FEBio_CAD\candidate_0p01_allow20_report.json"
"02_Bottom_Frame_FEBio_CAD\candidate_0p02_allow50.step","4312194","3AE20113F5F3A3CA779062DB361E239CB65FC6FE87264B546A61940518C2083D","MATCH","2","02_CAE\01_Active\Bottom_Frame\2026-07-28_0728C_tet10-preparation\01_Input\02_Bottom Frame_v1.0,0728_C_FEBio_repaired.step | 02_CAE\01_Active\Bottom_Frame\2026-07-28_0728C_tet10-preparation\90_Temporary\legacy_02_Bottom_Frame_FEBio_CAD\candidate_0p02_allow50.step"
"02_Bottom_Frame_FEBio_CAD\candidate_0p02_allow50_report.json","1917","4D7D5A2AA7059F3A3892C26F307FBC33A5590EC1D9A1293B5C4D717865B638EC","MATCH","1","02_CAE\01_Active\Bottom_Frame\2026-07-28_0728C_tet10-preparation\90_Temporary\legacy_02_Bottom_Frame_FEBio_CAD\candidate_0p02_allow50_report.json"
"02_Bottom_Frame_FEBio_CAD\candidate_0p02_rebuilt_faces.step","4448182","AA1973496501EDBC3367E7C4577280FC1183FBBEEC59CD0BAA4BA68F6E9794DA","MATCH","1","02_CAE\01_Active\Bottom_Frame\2026-07-28_0728C_tet10-preparation\90_Temporary\legacy_02_Bottom_Frame_FEBio_CAD\candidate_0p02_rebuilt_faces.step"
"02_Bottom_Frame_FEBio_CAD\candidate_0p05_allow50.step","4196542","418840820DBF7171444FE47E4FA65FCCB7B86D2B10E8B964B1D74C03975C6AA3","MATCH","1","02_CAE\01_Active\Bottom_Frame\2026-07-28_0728C_tet10-preparation\90_Temporary\legacy_02_Bottom_Frame_FEBio_CAD\candidate_0p05_allow50.step"
"02_Bottom_Frame_FEBio_CAD\candidate_0p05_allow50_report.json","1915","049357EC30E1E3206496C2D06C2432183919FE3FAE71F5D84BFDE642D073C2E4","MATCH","1","02_CAE\01_Active\Bottom_Frame\2026-07-28_0728C_tet10-preparation\90_Temporary\legacy_02_Bottom_Frame_FEBio_CAD\candidate_0p05_allow50_report.json"
"02_Bottom_Frame_FEBio_CAD\candidate_unify_all.step","4489999","491BB4AB6A0A24558969E51266D635CF8EDC22E6FBEAD9E62C0B8362C3F17D28","MATCH","1","02_CAE\01_Active\Bottom_Frame\2026-07-28_0728C_tet10-preparation\90_Temporary\legacy_02_Bottom_Frame_FEBio_CAD\candidate_unify_all.step"
"02_Bottom_Frame_FEBio_CAD\candidate_unify_edges.step","4452919","2F76D07C61849B43BAB79888F4295F373176C971DC7A06F792B04E5297FC7573","MATCH","1","02_CAE\01_Active\Bottom_Frame\2026-07-28_0728C_tet10-preparation\90_Temporary\legacy_02_Bottom_Frame_FEBio_CAD\candidate_unify_edges.step"
"02_Bottom_Frame_FEBio_CAD\candidate_unify_faces.step","4489999","41AD9736D61E26501A60952D46C227BE1FB82CDA27C33CB8084D211F6A15E098","MATCH","1","02_CAE\01_Active\Bottom_Frame\2026-07-28_0728C_tet10-preparation\90_Temporary\legacy_02_Bottom_Frame_FEBio_CAD\candidate_unify_faces.step"
"02_Bottom_Frame_FEBio_CAD\FEBio_CAD_Tet10_repair_report.html","21467","373FDEE6F21D38748468A4CFDAABAB1CEEE85E760F95BEE40DBFFB5DC8ED7130","MATCH","1","02_CAE\01_Active\Bottom_Frame\2026-07-28_0728C_tet10-preparation\04_Report\FEBio_CAD_Tet10_repair_report.html"
"02_Bottom_Frame_FEBio_CAD\FEBio_mesh_settings.json","722","2F8DB60A3F76E34371BC65C45E7D4F196A3C9186487BBB8BA29C6311EDFBFD9E","MATCH","1","02_CAE\01_Active\Bottom_Frame\2026-07-28_0728C_tet10-preparation\05_Verification\FEBio_mesh_settings.json"
"02_Bottom_Frame_FEBio_CAD\final_verification.json","1320","FD29F1D2DFE4656E0168A6A74223D581074167A3907EBFB519052BA3C995E94E","MATCH","1","02_CAE\01_Active\Bottom_Frame\2026-07-28_0728C_tet10-preparation\05_Verification\final_verification.json"
"02_Bottom_Frame_FEBio_CAD\repair_report.json","1905","1C546C2E2C834644876139CEFC67CFE4EDA1605944599C346F66D27E43CCDDE5","MATCH","1","02_CAE\01_Active\Bottom_Frame\2026-07-28_0728C_tet10-preparation\90_Temporary\legacy_02_Bottom_Frame_FEBio_CAD\repair_report.json"
"02_Bottom_Frame_Tet10\02_Bottom Frame_v1.0,0728_C_direct_report.json","922733","90091824E37776992A0CC216B68990B1F6550461A0334398A46AD33B743CF8AF","MATCH","1","02_CAE\01_Active\Bottom_Frame\2026-07-28_0728C_tet10-preparation\90_Temporary\legacy_02_Bottom_Frame_Tet10\02_Bottom Frame_v1.0,0728_C_direct_report.json"
"02_Bottom_Frame_Tet10\02_Bottom Frame_v1.0,0728_C_direct_straight_quality_summary.json","9823","DA8D0BA600C065A2BA8081FFB084C9F4E40B45F265875EA4318A1B2EFD5A0F64","MATCH","2","02_CAE\01_Active\Bottom_Frame\2026-07-28_0728C_tet10-preparation\90_Temporary\legacy_02_Bottom_Frame_Tet10\02_Bottom Frame_v1.0,0728_C_direct_straight_quality_summary.json | 02_CAE\01_Active\Bottom_Frame\2026-07-28_0728C_tet10-preparation\90_Temporary\legacy_02_Bottom_Frame_Tet10\DELIVERY\02_Bottom Frame_v1.0,0728_C_direct_straight_quality_summary.json"
"02_Bottom_Frame_Tet10\02_Bottom Frame_v1.0,0728_C_direct_straight_report.json","52257","1BA1A0CF2A7914AA9732BE994F0221BEA696A4902085631BCA5D8FE15CECA96A","MATCH","2","02_CAE\01_Active\Bottom_Frame\2026-07-28_0728C_tet10-preparation\90_Temporary\legacy_02_Bottom_Frame_Tet10\02_Bottom Frame_v1.0,0728_C_direct_straight_report.json | 02_CAE\01_Active\Bottom_Frame\2026-07-28_0728C_tet10-preparation\90_Temporary\legacy_02_Bottom_Frame_Tet10\DELIVERY\02_Bottom Frame_v1.0,0728_C_direct_straight_report.json"
"02_Bottom_Frame_Tet10\02_Bottom Frame_v1.0,0728_C_healed_straight_report.json","58183","66B50ED611971A178DFE83550F64A2E17E7192CC35BB0CF5ED0955335D04B1F6","MATCH","1","02_CAE\01_Active\Bottom_Frame\2026-07-28_0728C_tet10-preparation\90_Temporary\legacy_02_Bottom_Frame_Tet10\02_Bottom Frame_v1.0,0728_C_healed_straight_report.json"
"02_Bottom_Frame_Tet10\02_Bottom Frame_v1.0,0728_C_Tet10.fsm","13916486","D8CBB40887BF7C65A6987C9C047E70B9B9D20C51877A72C1CC2BDC1DD9461D59","MATCH","2","02_CAE\01_Active\Bottom_Frame\2026-07-28_0728C_tet10-preparation\02_Model\02_Bottom Frame_v1.0,0728_C_Tet10.fsm | 02_CAE\98_Delete_Review\2026-07-30\Duplicates\02_Bottom Frame_v1.0,0728_C_Tet10.delivery-duplicate.fsm"
"02_Bottom_Frame_Tet10\~02_Bottom Frame_v1.0,0728_C_Tet10_auto.fsm","13917803","3EC4A819B2096D933F78F0D18B1398AD27FEEF59A0CC4AC59BAF40D8DC5A7718","MATCH","1","02_CAE\90_Needs_Review\Bottom_Frame\2026-07-28_0728C_auto-fsm-candidate\02_Model\~02_Bottom Frame_v1.0,0728_C_Tet10_auto.fsm"
"02_Bottom_Frame_Tet10\DELIVERY\02_Bottom Frame_v1.0,0728_C_direct_straight_quality_summary.json","9823","DA8D0BA600C065A2BA8081FFB084C9F4E40B45F265875EA4318A1B2EFD5A0F64","MATCH","2","02_CAE\01_Active\Bottom_Frame\2026-07-28_0728C_tet10-preparation\90_Temporary\legacy_02_Bottom_Frame_Tet10\02_Bottom Frame_v1.0,0728_C_direct_straight_quality_summary.json | 02_CAE\01_Active\Bottom_Frame\2026-07-28_0728C_tet10-preparation\90_Temporary\legacy_02_Bottom_Frame_Tet10\DELIVERY\02_Bottom Frame_v1.0,0728_C_direct_straight_quality_summary.json"
"02_Bottom_Frame_Tet10\DELIVERY\02_Bottom Frame_v1.0,0728_C_direct_straight_report.json","52257","1BA1A0CF2A7914AA9732BE994F0221BEA696A4902085631BCA5D8FE15CECA96A","MATCH","2","02_CAE\01_Active\Bottom_Frame\2026-07-28_0728C_tet10-preparation\90_Temporary\legacy_02_Bottom_Frame_Tet10\02_Bottom Frame_v1.0,0728_C_direct_straight_report.json | 02_CAE\01_Active\Bottom_Frame\2026-07-28_0728C_tet10-preparation\90_Temporary\legacy_02_Bottom_Frame_Tet10\DELIVERY\02_Bottom Frame_v1.0,0728_C_direct_straight_report.json"
"02_Bottom_Frame_Tet10\DELIVERY\02_Bottom Frame_v1.0,0728_C_Tet10.fsm","13916486","D8CBB40887BF7C65A6987C9C047E70B9B9D20C51877A72C1CC2BDC1DD9461D59","MATCH","2","02_CAE\01_Active\Bottom_Frame\2026-07-28_0728C_tet10-preparation\02_Model\02_Bottom Frame_v1.0,0728_C_Tet10.fsm | 02_CAE\98_Delete_Review\2026-07-30\Duplicates\02_Bottom Frame_v1.0,0728_C_Tet10.delivery-duplicate.fsm"
"02_Bottom_Frame_Tet10\DELIVERY\validation_report.json","620","8DE2E95E481958BAB32AD6D52278A7B2E59B77AFB3118EA0E3B3F78FFC80217B","MATCH","1","02_CAE\01_Active\Bottom_Frame\2026-07-28_0728C_tet10-preparation\05_Verification\validation_report.json"
"febio_gmsh_launcher\config\examples\02_Bottom_Frame_FEBio_Tet10.gmsh-run.json","618","0275A40AAA762C6D188F9E014338F0CB83BF1E925A3D92668052DB7E6D35C297","MATCH","5","01_Tools\febio-tools\apps\febio_gmsh_launcher\config\examples\02_Bottom_Frame_FEBio_Tet10.gmsh-run.json | 01_Tools\_migration_backup\legacy-root-working-tree\.worktrees\local040-rigid-screw-cylinder\febio_gmsh_launcher\config\examples\02_Bottom_Frame_FEBio_Tet10.gmsh-run.json | 01_Tools\_migration_backup\legacy-root-working-tree\febio_gmsh_launcher\config\examples\02_Bottom_Frame_FEBio_Tet10.gmsh-run.json | 01_Tools\_migration_backup\legacy-worktrees\local040-rigid-screw-cylinder\febio_gmsh_launcher\config\examples\02_Bottom_Frame_FEBio_Tet10.gmsh-run.json | 01_Tools\_worktrees\local040-rigid-screw-cylinder\febio_gmsh_launcher\config\examples\02_Bottom_Frame_FEBio_Tet10.gmsh-run.json"
"febio_gmsh_launcher\tests\fixtures\reference_tet4.feb","867","D79B2BE56ADDBFE6EAD469D4D1D873F626BC83FD177C218979C174AD308DEFBE","MATCH","5","01_Tools\febio-tools\apps\febio_gmsh_launcher\tests\fixtures\reference_tet4.feb | 01_Tools\_migration_backup\legacy-root-working-tree\.worktrees\local040-rigid-screw-cylinder\febio_gmsh_launcher\tests\fixtures\reference_tet4.feb | 01_Tools\_migration_backup\legacy-root-working-tree\febio_gmsh_launcher\tests\fixtures\reference_tet4.feb | 01_Tools\_migration_backup\legacy-worktrees\local040-rigid-screw-cylinder\febio_gmsh_launcher\tests\fixtures\reference_tet4.feb | 01_Tools\_worktrees\local040-rigid-screw-cylinder\febio_gmsh_launcher\tests\fixtures\reference_tet4.feb"
"febio_gmsh_launcher\tests\fixtures\unsupported_node_selection.feb","315","FB8256119C4108039367099A48950653DA34770A7895D95775FF3531F83B55EB","MATCH","5","01_Tools\febio-tools\apps\febio_gmsh_launcher\tests\fixtures\unsupported_node_selection.feb | 01_Tools\_migration_backup\legacy-root-working-tree\.worktrees\local040-rigid-screw-cylinder\febio_gmsh_launcher\tests\fixtures\unsupported_node_selection.feb | 01_Tools\_migration_backup\legacy-root-working-tree\febio_gmsh_launcher\tests\fixtures\unsupported_node_selection.feb | 01_Tools\_migration_backup\legacy-worktrees\local040-rigid-screw-cylinder\febio_gmsh_launcher\tests\fixtures\unsupported_node_selection.feb | 01_Tools\_worktrees\local040-rigid-screw-cylinder\febio_gmsh_launcher\tests\fixtures\unsupported_node_selection.feb"
"material_library\ABS_Terluran_GP22_23C_QS_N-mm.feb","1334","C84304B993D3F109AF2C02D232C41394FC868E4AC101AA3DD9D937AD34C5CF0F","MATCH","1","02_CAE\00_Shared\Materials\ABS_Terluran_GP22_23C_QS_N-mm.feb"
"reports\2026-07-28-febio-fusion-step-repair-progress.html","45403","17EB9407019F8EF12A15CA1091E9DC416113D298CE7AE4F73FE54182F46EB433","MATCH","1","01_Tools\febio-tools\docs\reports\2026-07-28-febio-fusion-step-repair-progress.html"
"reports\2026-07-29_bottom-frame-0729c-local-refinement-data.json","25387","C8226F08353AEFE0B5C81C2ACC9B67341A7CB0F7CEAFF5B938CC51E106186B85","MATCH","1","02_CAE\01_Active\Bottom_Frame\2026-07-29_0729C_local-refinement\04_Report\2026-07-29_bottom-frame-0729c-local-refinement-data.json"
"reports\2026-07-29_bottom-frame-0729c-local-refinement.html","169743","450EF6E4E8010A4A08A1259547B483B3327D3F1AFD5C1ADD8DD7ED67A139A641","MATCH","1","02_CAE\01_Active\Bottom_Frame\2026-07-29_0729C_local-refinement\04_Report\2026-07-29_bottom-frame-0729c-local-refinement.html"
"reports\2026-07-29_bottom-frame-comparison-data.json","6031","5E23624414376B53BBF318FDE53837BA5067F94489AEF24512AEFBEA4C07963B","MATCH","1","02_CAE\01_Active\Bottom_Frame\2026-07-29_0729C_local-refinement\04_Report\2026-07-29_bottom-frame-comparison-data.json"
"reports\2026-07-29_bottom-frame-three-case-comparison.html","36377","5F3565799234FA063A21D01C1A734DAFE94E15464C6AFB39EEFE7ECD41584C38","MATCH","1","02_CAE\01_Active\Bottom_Frame\2026-07-29_0729C_local-refinement\04_Report\2026-07-29_bottom-frame-three-case-comparison.html"
"tmp\task6-xplt-official-fbs.json","5894","E17AB54B5A847F5624CD99DEC5AD88E136EA42510214F1B81B316C762067F46E","MATCH","1","02_CAE\99_Temporary\Legacy_tmp\task6-xplt-official-fbs.json"
"tmp\FEBioStudio-source\Xcode\FEBioStudio\Supporting Files\Assets.xcassets\Contents.json","67","E3047866FDE813CEB40DAEA67DE82FB9B476E5531F397A3BB9A707D5CC782893","MATCH","1","01_Tools\_migration_backup\legacy-temp-git-repositories\FEBioStudio-source\Xcode\FEBioStudio\Supporting Files\Assets.xcassets\Contents.json"
"tmp\FEBioStudio-source\Xcode\FEBioStudio\Supporting Files\Assets.xcassets\AppIcon.appiconset\Contents.json","1393","502D03E89943C628EE55B6428C7AB6A425A5E79DCC23614F05E95EA3BD37EE43","MATCH","1","01_Tools\_migration_backup\legacy-temp-git-repositories\FEBioStudio-source\Xcode\FEBioStudio\Supporting Files\Assets.xcassets\AppIcon.appiconset\Contents.json"
"tmp\gmsh_heal_screen\candidate_0p001.step","6681186","57D70EB5013B006C8B885341985227B4FBB554A5CA1352B6F629D50A2DE058EF","MATCH","1","02_CAE\99_Temporary\Legacy_tmp\gmsh_heal_screen\candidate_0p001.step"
"tmp\gmsh_heal_screen\candidate_0p002.step","6680862","428E3846A432130D041BC0F469683529DF046A0E52103B697F224F22D08B7624","MATCH","1","02_CAE\99_Temporary\Legacy_tmp\gmsh_heal_screen\candidate_0p002.step"
"tmp\gmsh_heal_screen\candidate_0p005.step","6805445","9E5CB9500E7163A1EA67EC42296619B3FFC60579CFB19911AACDA9D548BEF0F6","MATCH","1","02_CAE\99_Temporary\Legacy_tmp\gmsh_heal_screen\candidate_0p005.step"
"tmp\gmsh_heal_screen\candidate_0p01.step","6804360","78B6A356889BD7A459E45D32193D0834342AE771A619405BC9BD0D914403B48B","MATCH","1","02_CAE\99_Temporary\Legacy_tmp\gmsh_heal_screen\candidate_0p01.step"
"tmp\gmsh_heal_screen\candidate_0p02.step","6936800","0705D4AD4BDB4CF24CD581D51E239CED1291CDDCED629C1025F819F72AF0891B","MATCH","1","02_CAE\99_Temporary\Legacy_tmp\gmsh_heal_screen\candidate_0p02.step"
"tmp\gmsh_heal_screen\candidate_0p03.step","7035016","3DFF5C9446701FA7D64F47EF28328D2470D79746E822CFD8FEC9380EA0C63C93","MATCH","1","02_CAE\99_Temporary\Legacy_tmp\gmsh_heal_screen\candidate_0p03.step"
"tmp\gmsh_heal_screen\candidate_0p04.step","7075111","A9AD72D02D8625C72897A11F5E84F4FA8E19CDC6CD0C08A477840F5616CD9ACA","MATCH","1","02_CAE\99_Temporary\Legacy_tmp\gmsh_heal_screen\candidate_0p04.step"
"tmp\gmsh_heal_screen\candidate_0p05.step","7148019","D59E77EF112EAD86093D1241D5DA77CD13151C50A19344109E7C824A51D2785F","MATCH","1","02_CAE\99_Temporary\Legacy_tmp\gmsh_heal_screen\candidate_0p05.step"
"tmp\verify-py\trimesh\resources\creation.json","1084","8BBD9D1EEC4D3A4DA06E74A36215864C42FE5B37967564757B7B7FDE20CFD18B","MATCH","1","02_CAE\99_Temporary\Legacy_tmp\verify-py\trimesh\resources\creation.json"
"tmp\verify-py\trimesh\resources\units_to_inches.json","1261","BC4EBCF8664BF84754B037456924817F27AA4BC570B1269628BF56D1331751A5","MATCH","1","02_CAE\99_Temporary\Legacy_tmp\verify-py\trimesh\resources\units_to_inches.json"
"tmp\verify-py\trimesh\resources\schema\primitive\box.schema.json","814","49313DDCCC16543C886C14E5B579154D787A4667002D63B724A00FAD6E41A464","MATCH","1","02_CAE\99_Temporary\Legacy_tmp\verify-py\trimesh\resources\schema\primitive\box.schema.json"
"tmp\verify-py\trimesh\resources\schema\primitive\capsule.schema.json","774","DF8ECA1EB91C4681A6C1B4D1C663930CE4CD16E7F4A464653B018C1B13807897","MATCH","1","02_CAE\99_Temporary\Legacy_tmp\verify-py\trimesh\resources\schema\primitive\capsule.schema.json"
"tmp\verify-py\trimesh\resources\schema\primitive\cylinder.schema.json","785","42F7361A10AC1433CB2F1D0FA43FF3644DC8D3D9408D16CAED9303BF263B4B7E","MATCH","1","02_CAE\99_Temporary\Legacy_tmp\verify-py\trimesh\resources\schema\primitive\cylinder.schema.json"
"tmp\verify-py\trimesh\resources\schema\primitive\extrusion.schema.json","688","1ED2893F137C0D81570F356872D86365ACDBCB1F784D996E995BBF79148A9B45","MATCH","1","02_CAE\99_Temporary\Legacy_tmp\verify-py\trimesh\resources\schema\primitive\extrusion.schema.json"
"tmp\verify-py\trimesh\resources\schema\primitive\primitive.schema.json","479","1A5B0285EF7A722DA9B55CC09F8FD5539DB1AEF35D05EC2AEFBAB3410556B448","MATCH","1","02_CAE\99_Temporary\Legacy_tmp\verify-py\trimesh\resources\schema\primitive\primitive.schema.json"
"tmp\verify-py\trimesh\resources\schema\primitive\scenegraph.schema.json","791","1A7F229E49ED86A9285C3C968ED5597603B49EF0BA6AA58FE7C112B6D18F0C05","MATCH","1","02_CAE\99_Temporary\Legacy_tmp\verify-py\trimesh\resources\schema\primitive\scenegraph.schema.json"
"tmp\verify-py\trimesh\resources\schema\primitive\sphere.schema.json","522","56F0AA1EB8553124B24C1A30B630675247A1E925FEA402BAEBFB7A5DF30B2EF9","MATCH","1","02_CAE\99_Temporary\Legacy_tmp\verify-py\trimesh\resources\schema\primitive\sphere.schema.json"
"tmp\verify-py\trimesh\resources\schema\primitive\transform.schema.json","469","CB8501148914439E9950771ECC528B2E7AFAF3E6506D646D0063CA42CC52025C","MATCH","1","02_CAE\99_Temporary\Legacy_tmp\verify-py\trimesh\resources\schema\primitive\transform.schema.json"
"tmp\verify-py\trimesh\resources\schema\primitive\trimesh.schema.json","859","8A8618A6F72BC4A422AE46F21F12B1876A6506D457695F5F414D0EAB7598B7C5","MATCH","1","02_CAE\99_Temporary\Legacy_tmp\verify-py\trimesh\resources\schema\primitive\trimesh.schema.json"
"tmp\verify-py\trimesh\resources\schema\primitive\wkt.polygon.schema.json","413","AF28B3A684B9BEE4560B5600FCBADF1601380FEDF6C2352EE17FFBFE8A68B6D3","MATCH","1","02_CAE\99_Temporary\Legacy_tmp\verify-py\trimesh\resources\schema\primitive\wkt.polygon.schema.json"
"tmp\verify-py\trimesh\resources\templates\dxf.json","15667","13709F5C76BF4B9348CADDC53DDE1684B06B849090A8549DABD2C252D98BC65A","MATCH","1","02_CAE\99_Temporary\Legacy_tmp\verify-py\trimesh\resources\templates\dxf.json"
"tmp\verify-py\trimesh\resources\templates\ply.json","559","3317874B902A0EAC387906FF7EB900A32C31A642718D275C1EEF43C8F5E93640","MATCH","1","02_CAE\99_Temporary\Legacy_tmp\verify-py\trimesh\resources\templates\ply.json"
